C001,Andrew Robertson,X919
C002,Ann Jones,X064
C003,Blair Foster,X682
C004,Bob Dawson,X780
C005,Chris Smith,X782
C006,Dave Jackson,X316
C007,David Hunter,X278
C008,Donald Murray,X720
C009,Fiona Thoms,X475
C010,Gillian Hamilton,X386
C011,Harry Johnston,X857
C012,Helen Webster,X309
C013,Jack Houston,X733
C014,Jo Hill,X285
C015,Joe Woods,X213
C016,John Brown,X009
C017,Judy Hilman,X904
C018,Keith Burns,X552
C019,Lily Watson,X121
C020,Lucy Grey,X025
C021,Mary Brown,X198
C022,Pamela Field,X521
C023,Peter White,X036
C024,Robert Murray,X606
C025,Susan Turner,X214
C026,Thomas Young,X507
C027,Tim Smith,X020
C028,Tony Lawson,X086
C029,Ursula Milton,X746
C030,Viola Nicholson,X540
